
<resources>
    <color name="seed">#00caad</color>
    <color name="md_theme_light_primary">#006B5B</color>
    <color name="md_theme_light_onPrimary">#FFFFFF</color>
    <color name="md_theme_light_primaryContainer">#5EFBDB</color>
    <color name="md_theme_light_onPrimaryContainer">#00201A</color>
    <color name="md_theme_light_secondary">#4B635C</color>
    <color name="md_theme_light_onSecondary">#FFFFFF</color>
    <color name="md_theme_light_secondaryContainer">#CDE8DF</color>
    <color name="md_theme_light_onSecondaryContainer">#06201A</color>
    <color name="md_theme_light_tertiary">#436278</color>
    <color name="md_theme_light_onTertiary">#FFFFFF</color>
    <color name="md_theme_light_tertiaryContainer">#C8E6FF</color>
    <color name="md_theme_light_onTertiaryContainer">#001E2E</color>
    <color name="md_theme_light_error">#BA1A1A</color>
    <color name="md_theme_light_errorContainer">#FFDAD6</color>
    <color name="md_theme_light_onError">#FFFFFF</color>
    <color name="md_theme_light_onErrorContainer">#410002</color>
    <color name="md_theme_light_background">#FAFDFA</color>
    <color name="md_theme_light_onBackground">#191C1B</color>
    <color name="md_theme_light_surface">#FAFDFA</color>
    <color name="md_theme_light_onSurface">#191C1B</color>
    <color name="md_theme_light_surfaceVariant">#DBE5E0</color>
    <color name="md_theme_light_onSurfaceVariant">#3F4946</color>
    <color name="md_theme_light_outline">#6F7976</color>
    <color name="md_theme_light_inverseOnSurface">#EFF1EF</color>
    <color name="md_theme_light_inverseSurface">#2E3130</color>
    <color name="md_theme_light_inversePrimary">#37DEC0</color>
    <color name="md_theme_light_shadow">#000000</color>
    <color name="md_theme_light_surfaceTint">#006B5B</color>
    <color name="md_theme_light_outlineVariant">#BFC9C4</color>
    <color name="md_theme_light_scrim">#000000</color>
    <color name="md_theme_dark_primary">#37DEC0</color>
    <color name="md_theme_dark_onPrimary">#00382E</color>
    <color name="md_theme_dark_primaryContainer">#005144</color>
    <color name="md_theme_dark_onPrimaryContainer">#5EFBDB</color>
    <color name="md_theme_dark_secondary">#B1CCC4</color>
    <color name="md_theme_dark_onSecondary">#1D352F</color>
    <color name="md_theme_dark_secondaryContainer">#334B45</color>
    <color name="md_theme_dark_onSecondaryContainer">#CDE8DF</color>
    <color name="md_theme_dark_tertiary">#AACBE4</color>
    <color name="md_theme_dark_onTertiary">#113348</color>
    <color name="md_theme_dark_tertiaryContainer">#2A4A5F</color>
    <color name="md_theme_dark_onTertiaryContainer">#C8E6FF</color>
    <color name="md_theme_dark_error">#FFB4AB</color>
    <color name="md_theme_dark_errorContainer">#93000A</color>
    <color name="md_theme_dark_onError">#690005</color>
    <color name="md_theme_dark_onErrorContainer">#FFDAD6</color>
    <color name="md_theme_dark_background">#191C1B</color>
    <color name="md_theme_dark_onBackground">#E0E3E1</color>
    <color name="md_theme_dark_surface">#191C1B</color>
    <color name="md_theme_dark_onSurface">#E0E3E1</color>
    <color name="md_theme_dark_surfaceVariant">#3F4946</color>
    <color name="md_theme_dark_onSurfaceVariant">#BFC9C4</color>
    <color name="md_theme_dark_outline">#89938F</color>
    <color name="md_theme_dark_inverseOnSurface">#191C1B</color>
    <color name="md_theme_dark_inverseSurface">#E0E3E1</color>
    <color name="md_theme_dark_inversePrimary">#006B5B</color>
    <color name="md_theme_dark_shadow">#000000</color>
    <color name="md_theme_dark_surfaceTint">#37DEC0</color>
    <color name="md_theme_dark_outlineVariant">#3F4946</color>
    <color name="md_theme_dark_scrim">#000000</color>
</resources>
